ari,nmi,purity,init,seed
0.42422775166045035,0.6587452072793778,0.6857120253164557,random_avg,avg
0.47709092984682167,0.6880325709672017,0.7194462025316455,stratified_avg,avg
0.6555358755076519,0.798230327743501,0.8378164556962026,cip_mean,0
0.471483146634938,0.6817263396003762,0.7199367088607594,random,0
0.46194973738928585,0.6838941211365023,0.6993670886075949,random,1
0.4534227099852221,0.6753591903286134,0.7310126582278481,random,2
0.4163637593817698,0.6614534661148664,0.7088607594936709,random,3
0.42993678049666645,0.6629320023437432,0.6938291139240507,random,4
0.4275490520801141,0.6663827543445231,0.692246835443038,random,5
0.43125272976516354,0.6508070911363878,0.6661392405063291,random,6
0.4298275156486976,0.6708491373622539,0.6811708860759493,random,7
0.4447397368570892,0.6800479352796034,0.7009493670886076,random,8
0.42526319405809765,0.6581616618945482,0.6764240506329114,random,9
0.45832549958433066,0.6793938981307394,0.7191455696202531,random,10
0.46733337090021754,0.6875961206321659,0.7136075949367089,random,11
0.3621227339296329,0.6290074171449307,0.6463607594936709,random,12
0.40437377906598027,0.641312097847809,0.6590189873417721,random,13
0.3736528986878092,0.6148918739802198,0.6511075949367089,random,14
0.37968530599970235,0.62428739899594,0.6661392405063291,random,15
0.4329167890578549,0.668944140018617,0.6993670886075949,random,16
0.3939708990361273,0.6452364985559962,0.6685126582278481,random,17
0.41443657993587457,0.6326287392357465,0.6392405063291139,random,18
0.44727312686730886,0.6673065876380925,0.694620253164557,random,19
0.4688310295955735,0.6896308879120918,0.7278481012658228,random,20
0.42920140858042793,0.6506662569371534,0.6843354430379747,random,21
0.38784538333950946,0.6158337086940917,0.6526898734177216,random,22
0.4507583951822553,0.6750480752965305,0.6914556962025317,random,23
0.4281350525092703,0.6560989024099634,0.6724683544303798,random,24
0.4488336879896511,0.6615885238737442,0.6875,random,25
0.39444903556111405,0.6393395003159208,0.6661392405063291,random,26
0.42640847788825276,0.6719054115297262,0.7159810126582279,random,27
0.37005679121133617,0.617026425424845,0.6368670886075949,random,28
0.420138178312024,0.655597609824687,0.6795886075949367,random,29
0.4087964231952432,0.6508777339749816,0.6890822784810127,random,30
0.45307040714471225,0.6940605877021887,0.7294303797468354,random,31
0.34672908139253744,0.60724012926552,0.6337025316455697,random,32
0.4068053104435098,0.6449611762411884,0.6819620253164557,random,33
0.41844331483407404,0.6528924083136253,0.6708860759493671,random,34
0.40333127959237397,0.6650790707174669,0.6835443037974683,random,35
0.44349089932620034,0.6898407611422352,0.7246835443037974,random,36
0.4309674260088354,0.6608509536345015,0.7064873417721519,random,37
0.4471353024129149,0.6616022884231703,0.6930379746835443,random,38
0.43395841671406443,0.6443285925466478,0.6867088607594937,random,39
0.4066317496518933,0.6418622728078203,0.6621835443037974,random,40
0.45107676271867514,0.6907820471859504,0.7049050632911392,random,41
0.4177830738807722,0.6631213435594567,0.6938291139240507,random,42
0.504645053554114,0.6951512924222634,0.7215189873417721,random,43
0.4334571229874965,0.6518614759998737,0.6629746835443038,random,44
0.44458917438046114,0.6709581569090687,0.7136075949367089,random,45
0.42464151709292963,0.656575125925504,0.682753164556962,random,46
0.4377474134322778,0.6568270536534858,0.6787974683544303,random,47
0.4167818296639113,0.6519734772899971,0.6685126582278481,random,48
0.46853310190589303,0.6837524431190796,0.7001582278481012,random,49
0.4971381852639228,0.6925284160843793,0.7436708860759493,random,50
0.372597505277441,0.6383486452567547,0.6558544303797469,random,51
0.4520399140890757,0.6619436330490625,0.7080696202531646,random,52
0.4243093511664204,0.6486881732545637,0.6511075949367089,random,53
0.4216537308754021,0.6568278674062217,0.7056962025316456,random,54
0.3864266318675142,0.6569911924046242,0.6938291139240507,random,55
0.45050844147057734,0.6856700005309849,0.6985759493670886,random,56
0.3911204048410019,0.6308441072163641,0.6542721518987342,random,57
0.40608449882835024,0.6348731132783532,0.6511075949367089,random,58
0.4028585372331154,0.6465469957023302,0.6700949367088608,random,59
0.39925652895775243,0.6373345884208685,0.6811708860759493,random,60
0.45193463392737,0.6711945820335211,0.692246835443038,random,61
0.4270535028711749,0.6707832962831526,0.6985759493670886,random,62
0.3663112055535261,0.6174061329705061,0.632120253164557,random,63
0.42657738222947517,0.6652056507585494,0.6756329113924051,random,64
0.4573455855543012,0.6892252528208337,0.7001582278481012,random,65
0.40001302289367485,0.6586405944290135,0.6811708860759493,random,66
0.3753059161003659,0.6339606582969863,0.6352848101265823,random,67
0.42478425698239064,0.6658592926404246,0.7096518987341772,random,68
0.45738483792027435,0.6682549058014511,0.7143987341772152,random,69
0.44524050472427945,0.6783910706044239,0.7033227848101266,random,70
0.4247329367733803,0.6663851169348355,0.7017405063291139,random,71
0.39306950466693524,0.6241018828284572,0.6360759493670886,random,72
0.4171499678666075,0.6620063816326354,0.7088607594936709,random,73
0.4054655569834838,0.642305446017348,0.680379746835443,random,74
0.4002725657279984,0.6496025932610137,0.6882911392405063,random,75
0.4240339411362971,0.6591744166074939,0.694620253164557,random,76
0.4131897497550595,0.6609271909854811,0.696993670886076,random,77
0.428796625502081,0.6814750853178541,0.7231012658227848,random,78
0.4688253737423892,0.6826643143191095,0.7151898734177216,random,79
0.4248536443919884,0.6536349746535386,0.6756329113924051,random,80
0.38998829128557994,0.6688982724556866,0.694620253164557,random,81
0.35858703040402284,0.6414256082762378,0.6526898734177216,random,82
0.4497146376658848,0.6634970519670033,0.6962025316455697,random,83
0.3879380255780277,0.6451273167427319,0.685126582278481,random,84
0.4407888673998184,0.6726363257010302,0.696993670886076,random,85
0.3827195600559903,0.637573359951685,0.6455696202531646,random,86
0.39028620264556535,0.6548383913195841,0.6708860759493671,random,87
0.4504401155295083,0.6821913220469994,0.7049050632911392,random,88
0.43025915057893266,0.6788516287343418,0.7128164556962026,random,89
0.4971946233607292,0.6834504641520505,0.7199367088607594,random,90
0.4607793933062416,0.6826116104380661,0.7246835443037974,random,91
0.4755936020941575,0.6390562775747078,0.6424050632911392,random,92
0.42739845683089456,0.6610054233046214,0.6748417721518988,random,93
0.43170312103403785,0.6610822381439717,0.6795886075949367,random,94
0.3911951752765821,0.6485512994584268,0.6629746835443038,random,95
0.37342502303408137,0.6369781768304447,0.6550632911392406,random,96
0.39580794261129076,0.640717941668,0.6756329113924051,random,97
0.4508978111698119,0.6744912823817906,0.6819620253164557,random,98
0.45257224514606414,0.6601890002148,0.6867088607594937,random,99
0.5071568211110182,0.6853417962208193,0.7223101265822784,stratified,0
0.4438587073092084,0.6682439571750803,0.6882911392405063,stratified,1
0.4137153223730784,0.6577840680538349,0.692246835443038,stratified,2
0.4800074013004133,0.6846254624780724,0.7238924050632911,stratified,3
0.5112013276977182,0.7183856608154149,0.742879746835443,stratified,4
0.45621716131718515,0.6803883233636696,0.7128164556962026,stratified,5
0.46527630494332267,0.6970310963653581,0.7112341772151899,stratified,6
0.46208761483484134,0.6862545945358729,0.7294303797468354,stratified,7
0.540830085206589,0.7157207281627165,0.7365506329113924,stratified,8
0.4644952946329564,0.6810601955546141,0.7064873417721519,stratified,9
0.4938975882653392,0.7120806618658423,0.742879746835443,stratified,10
0.4791700935558552,0.6998177333055992,0.7373417721518988,stratified,11
0.5086576114523192,0.7016347223536579,0.7318037974683544,stratified,12
0.47143529475371054,0.6719119332792249,0.7017405063291139,stratified,13
0.4518907216664746,0.6627605238042044,0.6819620253164557,stratified,14
0.4340895812615128,0.6535297003726672,0.696993670886076,stratified,15
0.4723836164087398,0.6986534132502471,0.7183544303797469,stratified,16
0.49749303376291965,0.6897363911702904,0.7238924050632911,stratified,17
0.48685445174334874,0.6771246358953857,0.7033227848101266,stratified,18
0.46409946571696065,0.6949278674911082,0.7341772151898734,stratified,19
0.4304054123143859,0.6546128308821964,0.6962025316455697,stratified,20
0.45821116134732154,0.6937333161697745,0.7215189873417721,stratified,21
0.44195787845894624,0.6706807570784121,0.6906645569620253,stratified,22
0.49651706804201673,0.7011501453705274,0.742879746835443,stratified,23
0.45462132094233426,0.7013050287699346,0.7207278481012658,stratified,24
0.503643645997891,0.7020177507556848,0.7531645569620253,stratified,25
0.5193030258472223,0.6893744622363506,0.7223101265822784,stratified,26
0.5098830692107993,0.7067279793404585,0.742879746835443,stratified,27
0.5048175787256421,0.7070096445244515,0.7531645569620253,stratified,28
0.46159686626907875,0.6834030447244902,0.7294303797468354,stratified,29
0.5134848953901536,0.7051840747581336,0.7539556962025317,stratified,30
0.5015940943139483,0.6979517164442692,0.7159810126582279,stratified,31
0.48291544672763775,0.6854758743535159,0.7001582278481012,stratified,32
0.5147932980880323,0.7126077614985359,0.7587025316455697,stratified,33
0.4486814424427685,0.6754082668345923,0.7033227848101266,stratified,34
0.45330245327450003,0.6797251819748307,0.7112341772151899,stratified,35
0.5356557009229317,0.7283481149458145,0.757120253164557,stratified,36
0.4950917712099318,0.6975611909819861,0.7365506329113924,stratified,37
0.5029068455173015,0.7044339540730877,0.7310126582278481,stratified,38
0.4750041577609699,0.6952482618921636,0.7215189873417721,stratified,39
0.47872220980871083,0.6706027585462464,0.7128164556962026,stratified,40
0.45463128933571517,0.6850729009914127,0.7199367088607594,stratified,41
0.4818779378594539,0.6984737358060968,0.7333860759493671,stratified,42
0.461445034978614,0.6742992030272469,0.6962025316455697,stratified,43
0.4680686821647616,0.6795464630165016,0.7120253164556962,stratified,44
0.4432361785277341,0.6806001845756563,0.7064873417721519,stratified,45
0.4868969993785488,0.6933077991443773,0.7128164556962026,stratified,46
0.4802196019731167,0.6836877002450035,0.7112341772151899,stratified,47
0.4389147230991771,0.6518527085142369,0.6685126582278481,stratified,48
0.4735596752009304,0.6881568589636812,0.7080696202531646,stratified,49
0.45452142148823155,0.6760776710166555,0.7041139240506329,stratified,50
0.4523705682475154,0.66612393032807,0.692246835443038,stratified,51
0.4785210153878331,0.6942936383379842,0.7231012658227848,stratified,52
0.5371402918092775,0.7262000416957145,0.7705696202531646,stratified,53
0.4997166649790191,0.7064212053529914,0.7349683544303798,stratified,54
0.4036247221840862,0.6338101148858718,0.6574367088607594,stratified,55
0.5118303028928517,0.7066402670820675,0.7325949367088608,stratified,56
0.4574725294955731,0.6805503737375019,0.7104430379746836,stratified,57
0.4830039370217895,0.7025640958479005,0.7207278481012658,stratified,58
0.47140024131030817,0.6791768352159221,0.7136075949367089,stratified,59
0.4727166226183372,0.6726301855923855,0.7104430379746836,stratified,60
0.4129294784976279,0.6410906057056269,0.6629746835443038,stratified,61
0.4386990447879653,0.6731194082773284,0.7041139240506329,stratified,62
0.5004808249333615,0.7097518236118088,0.7515822784810127,stratified,63
0.43481328502118266,0.6596504066231007,0.678006329113924,stratified,64
0.5003562884585164,0.7026124854571635,0.7373417721518988,stratified,65
0.5254530584018307,0.7014468952340818,0.7333860759493671,stratified,66
0.5324929916194687,0.6989550813080373,0.7373417721518988,stratified,67
0.4829242719885135,0.6936600088591258,0.7302215189873418,stratified,68
0.5000169642248258,0.7026139411048129,0.7357594936708861,stratified,69
0.4788390565535915,0.6879538213229264,0.7175632911392406,stratified,70
0.5156572531976569,0.6905671971296636,0.7088607594936709,stratified,71
0.45175525695077673,0.6763176137741883,0.7136075949367089,stratified,72
0.49535587859846564,0.691287849825625,0.7531645569620253,stratified,73
0.5002670570554901,0.7041611846257847,0.7397151898734177,stratified,74
0.4891085125508539,0.7062234064019369,0.747626582278481,stratified,75
0.43430219168454165,0.6693255189303214,0.6914556962025317,stratified,76
0.5002268135196315,0.7047274834558497,0.7420886075949367,stratified,77
0.47282131945079886,0.6885354509340686,0.7381329113924051,stratified,78
0.5039096391504928,0.7228303049622641,0.7436708860759493,stratified,79
0.48365257977801035,0.6948009066996497,0.7191455696202531,stratified,80
0.48644120259853346,0.6935763097243671,0.7286392405063291,stratified,81
0.49963604979089743,0.7086966062573734,0.7381329113924051,stratified,82
0.4693362467438645,0.6722844105244646,0.7064873417721519,stratified,83
0.4731523583857707,0.6881780633215341,0.7357594936708861,stratified,84
0.5485405964031939,0.7354383076820866,0.7879746835443038,stratified,85
0.47657026005090963,0.6807808828065698,0.7096518987341772,stratified,86
0.45047659686881597,0.6920591627932337,0.7207278481012658,stratified,87
0.5009826701607296,0.7093480888348004,0.752373417721519,stratified,88
0.49080411113380323,0.6801927430793483,0.7183544303797469,stratified,89
0.47170905210590236,0.6853122650766761,0.7112341772151899,stratified,90
0.41998994354800495,0.6491155885968392,0.6677215189873418,stratified,91
0.4892672651621662,0.6989718555306322,0.7357594936708861,stratified,92
0.45144985179142905,0.6787375434096189,0.7199367088607594,stratified,93
0.47051513505166864,0.6771108630867071,0.7088607594936709,stratified,94
0.44375827489645875,0.6702050037105898,0.7072784810126582,stratified,95
0.45910159937971295,0.690211187129378,0.7128164556962026,stratified,96
0.4662613309711788,0.6726088531828841,0.6962025316455697,stratified,97
0.49884216613845384,0.6871099468075794,0.7207278481012658,stratified,98
0.3891012251981632,0.6346265258757025,0.627373417721519,stratified,99
